type,format,length
image,svg,146133.0
image,svg,71483.0
image,svg,33395.0
image,svg,43810.0
image,svg,33893.0
image,svg,38483.0
image,svg,35217.0
image,svg,38319.0
image,svg,94232.0
image,svg,268828.0
image,svg,267910.0
image,svg,661133.0
image,svg,37718.0
image,svg,73216.0
image,svg,36676.0
image,svg,102864.0
image,svg,65278.0
image,svg,79133.0
image,svg,45007.0
image,svg,202969.0
image,svg,62660.0
image,svg,64197.0
image,svg,56555.0
image,svg,390796.0
image,svg,34651.0
image,svg,51206.0
image,svg,69087.0
image,svg,30322.0
image,svg,294174.0
image,svg,127790.0
image,svg,406445.0
image,svg,125507.0
image,svg,82137.0
image,svg,29994.0
image,svg,986525.0
image,svg,35011.0
image,svg,32075.0
image,svg,41751.0
image,svg,36794.0
image,svg,34539.0
image,svg,186631.0
image,svg,28863.0
image,svg,134811.0
image,svg,42852.0
image,svg,50593.0
image,svg,44806.0
image,svg,63029.0
image,svg,45166.0
image,svg,47455.0
image,svg,41450.0
image,svg,39738.0
image,svg,55778.0
image,svg,42686.0
image,svg,53593.0
image,svg,171390.0
image,svg,64017.0
image,svg,51771.0
image,svg,215076.0
image,svg,281611.0
image,svg,136484.0
image,svg,661133.0
image,svg,39271.0
image,svg,35822.0
image,svg,30353.0
image,svg,51511.0
image,svg,425790.0
image,svg,31647.0
image,svg,45250.0
image,svg,50503.0
image,svg,113620.0
image,svg,274597.0
image,svg,33411.0
image,svg,279393.0
image,svg,106297.0
image,svg,39281.0
image,svg,173907.0
image,svg,29417.0
image,svg,43833.0
image,svg,49839.0
image,svg,52210.0
image,svg,30229.0
image,svg,31759.0
image,svg,145443.0
image,svg,32630.0
image,svg,46309.0
image,svg,32878.0
image,svg,28967.0
image,svg,60742.0
image,svg,35093.0
image,svg,65025.0
image,svg,90832.0
image,svg,101664.0
image,svg,53644.0
image,svg,51609.0
image,svg,94918.0
image,svg,43397.0
image,svg,30792.0
image,svg,36335.0
image,svg,28826.0
image,svg,40396.0
image,svg,48395.0
image,svg,106619.0
image,svg,123520.0
image,svg,34893.0
image,svg,46495.0
image,svg,79088.0
image,svg,34737.0
image,svg,53004.0
image,svg,64904.0
image,svg,154225.0
image,svg,31356.0
image,svg,47735.0
image,svg,45897.0
image,svg,57799.0
image,svg,62040.0
image,svg,44542.0
image,svg,99581.0
image,svg,30853.0
image,svg,59384.0
image,svg,60495.0
image,svg,238409.0
image,svg,47699.0
image,svg,55052.0
image,svg,339812.0
image,svg,45545.0
image,svg,40920.0
image,svg,81963.0
image,svg,29632.0
image,svg,49819.0
image,svg,32115.0
image,svg,159826.0
image,svg,48326.0
image,svg,30101.0
image,svg,38757.0
image,svg,383631.0
image,svg,29323.0
image,svg,41369.0
image,svg,60378.0
image,svg,268718.0
image,svg,56624.0
image,svg,39083.0
image,svg,48083.0
image,svg,53038.0
image,svg,52352.0
image,svg,85539.0
image,svg,304620.0
image,svg,426654.0
image,svg,29308.0
image,svg,36094.0
image,svg,43984.0
image,svg,29667.0
image,svg,50302.0
image,svg,53381.0
image,svg,32999.0
image,svg,30838.0
image,svg,60060.0
image,svg,189981.0
image,svg,180626.0
image,svg,28967.0
image,svg,186281.0
image,svg,149763.0
image,svg,31599.0
image,svg,54551.0
image,svg,35822.0
image,svg,50341.0
image,svg,98954.0
image,svg,32037.0
image,svg,123343.0
image,svg,52087.0
image,svg,30353.0
image,svg,39802.0
image,svg,46104.0
image,svg,3871980.0
image,svg,188845.0
image,svg,1130761.0
image,svg,63921.0
image,svg,55170.0
image,svg,30884.0
image,svg,77852.0
image,svg,34639.0
image,svg,35685.0
image,svg,56250.0
image,svg,420323.0
image,svg,101584.0
image,svg,78208.0
image,svg,767755.0
image,svg,409364.0
image,svg,238409.0
image,svg,87330.0
image,svg,79088.0
image,svg,67081.0
image,svg,410493.0
image,svg,33033.0
image,svg,29855.0
image,svg,78234.0
image,svg,34653.0
image,svg,142630.0
image,svg,132055.0
image,svg,87797.0
image,svg,31517.0
image,svg,51406.0
image,svg,82397.0
image,svg,38887.0
image,svg,40684.0
image,svg,35496.0
image,svg,215654.0
image,svg,34642.0
image,svg,210618.0
image,svg,58439.0
image,svg,32154.0
image,svg,50571.0
image,svg,113620.0
image,svg,40684.0
image,svg,294174.0
image,svg,47806.0
image,svg,46797.0
image,svg,36757.0
image,svg,45165.0
image,svg,167329.0
image,svg,47216.0
image,svg,198551.0
image,svg,68297.0
image,svg,100558.0
image,svg,35393.0
image,svg,44806.0
image,svg,118321.0
image,svg,47498.0
image,svg,78565.0
image,svg,64522.0
image,svg,49968.0
image,svg,51605.0
image,svg,40864.0
image,svg,48826.0
image,svg,45487.0
image,svg,38078.0
image,svg,39426.0
image,svg,110173.0
image,svg,40862.0
image,svg,71106.0
image,svg,97137.0
image,svg,143082.0
image,svg,68311.0
image,svg,143315.0
image,svg,64530.0
image,svg,114656.0
image,svg,32959.0
image,svg,103969.0
image,svg,38177.0
image,svg,1745548.0
image,svg,37475.0
image,svg,39802.0
image,svg,206003.0
image,svg,53644.0
image,svg,56624.0
image,svg,136901.0
image,svg,54386.0
image,svg,40891.0
image,svg,31912.0
image,svg,35232.0
image,svg,49394.0
image,svg,516060.0
image,svg,170769.0
image,svg,31794.0
image,svg,39439.0
image,svg,36827.0
image,svg,65588.0
image,svg,151572.0
image,svg,171492.0
image,svg,46967.0
image,svg,36611.0
image,svg,114986.0
image,svg,158125.0
image,svg,42994.0
image,svg,103557.0
image,svg,348772.0
image,svg,114677.0
image,svg,40630.0
image,svg,72453.0
image,svg,31257.0
image,svg,30892.0
image,svg,130062.0
image,svg,31909.0
image,svg,40162.0
image,svg,29322.0
image,svg,182335.0
image,svg,43108.0
image,svg,151645.0
image,svg,434462.0
image,svg,28957.0
image,svg,89217.0
image,svg,34508.0
image,svg,46411.0
image,svg,59026.0
image,svg,130206.0
image,svg,41740.0
image,svg,111867.0
image,svg,29029.0
image,svg,32609.0
image,svg,35023.0
image,svg,89280.0
image,svg,62221.0
image,svg,34131.0
image,svg,31599.0
image,svg,30072.0
image,svg,35393.0
image,svg,58607.0
image,svg,54758.0
image,svg,718437.0
image,svg,30199.0
image,svg,40266.0
image,svg,87737.0
image,svg,50139.0
image,svg,53825.0
image,svg,108013.0
image,svg,96809.0
image,svg,44768.0
image,svg,36827.0
image,svg,36676.0
image,svg,30604.0
image,svg,97382.0
image,svg,425263.0
image,svg,57591.0
image,svg,72567.0
image,svg,220885.0
image,svg,58091.0
image,svg,60075.0
image,svg,54758.0
image,svg,30322.0
image,svg,74841.0
image,svg,47769.0
image,svg,54955.0
image,svg,30918.0
image,svg,89922.0
image,svg,188502.0
image,svg,35685.0
image,svg,184577.0
image,svg,42500.0
image,svg,33094.0
image,svg,68992.0
image,svg,39085.0
image,svg,31003.0
image,svg,122385.0
image,svg,30071.0
image,svg,60800.0
image,svg,895491.0
image,svg,65102.0
image,svg,151596.0
image,svg,28986.0
image,svg,60243.0
image,svg,30322.0
image,svg,168002.0
image,svg,102412.0
image,svg,64162.0
image,svg,30474.0
image,svg,81963.0
image,svg,159600.0
image,svg,45068.0
image,svg,112626.0
image,svg,70707.0
image,svg,34508.0
image,svg,69007.0
image,svg,35266.0
image,svg,54061.0
image,svg,321026.0
image,svg,63424.0
image,svg,30111.0
image,svg,282787.0
image,svg,69007.0
image,svg,31647.0
image,svg,34935.0
image,svg,137190.0
image,svg,31037.0
image,svg,44186.0
image,svg,33366.0
image,svg,35822.0
image,svg,40263.0
image,svg,28806.0
image,svg,67395.0
image,svg,79265.0
image,svg,153227.0
image,svg,48204.0
image,svg,35067.0
image,svg,31238.0
image,svg,281611.0
image,svg,176770.0
image,svg,1327892.0
image,svg,1327105.0
image,svg,30229.0
image,svg,30846.0
image,svg,32881.0
image,svg,257831.0
image,svg,32517.0
image,svg,241416.0
image,svg,40723.0
image,svg,234819.0
image,svg,56516.0
image,svg,78593.0
image,svg,661133.0
image,svg,67475.0
image,svg,214946.0
image,svg,208153.0
image,svg,64156.0
image,svg,872284.0
image,svg,33403.0
image,svg,913682.0
image,svg,371035.0
image,svg,29203.0
image,svg,51473.0
image,svg,386055.0
image,svg,30318.0
image,svg,38378.0
image,svg,38162.0
image,svg,93282.0
image,svg,52469.0
image,svg,32493.0
image,svg,216176.0
image,svg,73270.0
image,svg,79326.0
image,svg,84262.0
image,svg,36216.0
image,svg,44835.0
image,svg,344071.0
image,svg,105164.0
image,svg,526375.0
image,svg,30229.0
image,svg,30322.0
image,svg,33152.0
image,svg,31937.0
image,svg,47250.0
image,svg,40580.0
image,svg,36520.0
image,svg,40163.0
image,svg,165361.0
image,svg,55667.0
image,svg,57020.0
image,svg,8346700.0
image,svg,36636.0
image,svg,188588.0
image,svg,188996.0
image,svg,56943.0
image,svg,72103.0
image,svg,113892.0
image,svg,33411.0
image,svg,30322.0
image,svg,42838.0
image,svg,68992.0
image,svg,30322.0
image,svg,53798.0
image,svg,28945.0
image,svg,36384.0
image,svg,41795.0
image,svg,414283.0
image,svg,52875.0
image,svg,162992.0
image,svg,29268.0
image,svg,36335.0
image,svg,36676.0
image,svg,79807.0
image,svg,42188.0
image,svg,167659.0
image,svg,40616.0
image,svg,113749.0
image,svg,35833.0
image,svg,121589.0
image,svg,145404.0
image,svg,38527.0
image,svg,54490.0
image,svg,39203.0
image,svg,78565.0
image,svg,87955.0
image,svg,274817.0
image,svg,58176.0
image,svg,42075.0
image,svg,128381.0
image,svg,104636.0
image,svg,44554.0
image,svg,88149.0
image,svg,29532.0
image,svg,220154.0
image,svg,147946.0
image,svg,122648.0
image,svg,38319.0
image,svg,75100.0
image,svg,39439.0
image,svg,47591.0
image,svg,36676.0
image,svg,28589.0
image,svg,51511.0
image,svg,35528.0
image,svg,53459.0
image,svg,54784.0
image,svg,30403.0
image,svg,229677.0
image,svg,33151.0
image,svg,93866.0
image,svg,38606.0
image,svg,444279.0
image,svg,231766.0
image,svg,31564.0
image,svg,29691.0
image,svg,44563.0
image,svg,46120.0
image,svg,182639.0
image,svg,36626.0
image,svg,198990.0
image,svg,178516.0
image,svg,38340.0
image,svg,66795.0
image,svg,30179.0
image,svg,981602.0
image,svg,78241.0
image,svg,58515.0
image,svg,51222.0
image,svg,34287.0
image,svg,92616.0
image,svg,50714.0
image,svg,505040.0
image,svg,71490.0
image,svg,48685.0
image,svg,39439.0
image,svg,78177.0
image,svg,38592.0
image,svg,41058.0
image,svg,38307.0
image,svg,76654.0
image,svg,28485.0
image,svg,109136.0
image,svg,60999.0
image,svg,57244.0
image,svg,201983.0
image,svg,78593.0
image,svg,30353.0
image,svg,323198.0
image,svg,47251.0
image,svg,130518.0
image,svg,778468.0
image,svg,78470.0
image,svg,30760.0
image,svg,35355.0
image,svg,29210.0
image,svg,170047.0
image,svg,34658.0
image,svg,38484.0
image,svg,42777.0
image,svg,81472.0
image,svg,38051.0
image,svg,63830.0
image,svg,28710.0
image,svg,427420.0
image,svg,36676.0
image,svg,113076.0
image,svg,33727.0
image,svg,43093.0
image,svg,31373.0
image,svg,29482.0
image,svg,134905.0
image,svg,52781.0
image,svg,31731.0
image,svg,47849.0
image,svg,47250.0
image,svg,31647.0
image,svg,103411.0
image,svg,39439.0
image,svg,82137.0
image,svg,31647.0
image,svg,49276.0
image,svg,39181.0
image,svg,61903.0
image,svg,55855.0
image,svg,280772.0
image,svg,69091.0
image,svg,67924.0
image,svg,50631.0
image,svg,143090.0
image,svg,215451.0
image,svg,36093.0
image,svg,30229.0
image,svg,219921.0
image,svg,300638.0
image,svg,37414.0
image,svg,39685.0
image,svg,69007.0
image,svg,75987.0
image,svg,50016.0
image,svg,348241.0
image,svg,64465.0
image,svg,31632.0
image,svg,241416.0
image,svg,31446.0
image,svg,945640.0
image,svg,112626.0
image,svg,109391.0
image,svg,103486.0
image,svg,46967.0
image,svg,29994.0
image,svg,28962.0
image,svg,35822.0
image,svg,51511.0
image,svg,54749.0
image,svg,54543.0
image,svg,29031.0
image,svg,55264.0
image,svg,112211.0
image,svg,43833.0
image,svg,31731.0
image,svg,31698.0
image,svg,598153.0
image,svg,32493.0
image,svg,62905.0
image,svg,32919.0
image,svg,28764.0
image,svg,50349.0
image,svg,280346.0
image,svg,161690.0
image,svg,123640.0
image,svg,29012.0
image,svg,32907.0
image,svg,38572.0
image,svg,70685.0
image,svg,115634.0
image,svg,71613.0
image,svg,30229.0
image,svg,151533.0
image,svg,482701.0
image,svg,248825.0
image,svg,149398.0
image,svg,73012.0
image,svg,258905.0
image,svg,32620.0
image,svg,28802.0
image,svg,75002.0
image,svg,41375.0
image,svg,94587.0
image,svg,148393.0
image,svg,29705.0
image,svg,193738.0
image,svg,143914.0
image,svg,68807.0
image,svg,68870.0
image,svg,31372.0
image,svg,32207.0
image,svg,31630.0
image,svg,36167.0
image,svg,32394.0
image,svg,60800.0
image,svg,34360.0
image,svg,140191.0
image,svg,745965.0
image,svg,39083.0
image,svg,90562.0
image,svg,47300.0
image,svg,50728.0
image,svg,45574.0
image,svg,426617.0
image,svg,105350.0
image,svg,287524.0
image,svg,75764.0
image,svg,30229.0
image,svg,30353.0
image,svg,129291.0
image,svg,235180.0
image,svg,193439.0
image,svg,34436.0
image,svg,88330.0
image,svg,30353.0
image,svg,55438.0
image,svg,33413.0
image,svg,234285.0
image,svg,28741.0
image,svg,53644.0
image,svg,205476.0
image,svg,58464.0
image,svg,49465.0
image,svg,46403.0
image,svg,30140.0
image,svg,35090.0
image,svg,35060.0
image,svg,35036.0
image,svg,38024.0
image,svg,30322.0
image,svg,30547.0
image,svg,74476.0
image,svg,51225.0
image,svg,32937.0
image,svg,39389.0
image,svg,58574.0
image,svg,39706.0
image,svg,273530.0
image,svg,39470.0
image,svg,128638.0
image,svg,31537.0
image,svg,33562.0
image,svg,35840.0
image,svg,30730.0
image,svg,632608.0
image,svg,70723.0
image,svg,39439.0
image,svg,79363.0
image,svg,923397.0
image,svg,42986.0
image,svg,43705.0
image,svg,504097.0
image,svg,50663.0
image,svg,55764.0
image,svg,29979.0
image,svg,35277.0
image,svg,61823.0
image,svg,49749.0
image,svg,50123.0
image,svg,33694.0
image,svg,29117.0
image,svg,42070.0
image,svg,349846.0
image,svg,70249.0
image,svg,65199.0
image,svg,32037.0
image,svg,122219.0
image,svg,99865.0
image,svg,68311.0
image,svg,106774.0
image,svg,138337.0
image,svg,131060.0
image,svg,503361.0
image,svg,49571.0
image,svg,30306.0
image,svg,329636.0
image,svg,32493.0
image,svg,35822.0
image,svg,100127.0
image,svg,85843.0
image,svg,35822.0
image,svg,90025.0
image,svg,57588.0
image,svg,33102.0
image,svg,68681.0
image,svg,133649.0
image,svg,42041.0
image,svg,121995.0
image,svg,28582.0
image,svg,241416.0
image,svg,52263.0
image,svg,53644.0
image,svg,31636.0
image,svg,64932.0
image,svg,39925.0
image,svg,83326.0
image,svg,71363.0
image,svg,67115.0
image,svg,38589.0
image,svg,86355.0
image,svg,805927.0
image,svg,241416.0
image,svg,247501.0
image,svg,62176.0
image,svg,29200.0
image,svg,42728.0
image,svg,33856.0
image,svg,92884.0
image,svg,29427.0
image,svg,1149012.0
image,svg,1510145.0
image,svg,28470.0
image,svg,175802.0
image,svg,67304.0
image,svg,31448.0
image,svg,50124.0
image,svg,188979.0
image,svg,51134.0
image,svg,30322.0
image,svg,33158.0
image,svg,294174.0
image,svg,31521.0
image,svg,34929.0
image,svg,48188.0
image,svg,29001.0
image,svg,40471.0
image,svg,239388.0
image,svg,35837.0
image,svg,420323.0
image,svg,168438.0
image,svg,33395.0
image,svg,203776.0
image,svg,168019.0
image,svg,175070.0
image,svg,41491.0
image,svg,30229.0
image,svg,29894.0
image,svg,2616513.0
image,svg,39891.0
image,svg,32912.0
image,svg,56691.0
image,svg,62830.0
image,svg,81161.0
image,svg,30802.0
image,svg,61288.0
image,svg,54097.0
image,svg,54127.0
image,svg,54148.0
image,svg,54097.0
image,svg,28616.0
image,svg,64423.0
image,svg,50475.0
image,svg,45165.0
image,svg,32080.0
image,svg,71407.0
image,svg,83585.0
image,svg,36676.0
image,svg,30322.0
image,svg,235510.0
image,svg,28747.0
image,svg,125507.0
image,svg,42268.0
image,svg,35257.0
image,svg,89659.0
image,svg,28505.0
image,svg,43874.0
image,svg,39675.0
image,svg,30790.0
image,svg,52705.0
image,svg,29432.0
image,svg,36164.0
image,svg,56716.0
image,svg,373558.0
image,svg,48669.0
image,svg,67475.0
image,svg,39271.0
image,svg,33678.0
image,svg,30229.0
image,svg,116810.0
image,svg,86756.0
image,svg,39018.0
image,svg,143297.0
image,svg,158137.0
image,svg,34977.0
image,svg,173887.0
image,svg,42566.0
image,svg,34031.0
image,svg,46641.0
image,svg,62873.0
image,svg,466346.0
image,svg,1626622.0
image,svg,40420.0
image,svg,65792.0
image,svg,41355.0
image,svg,42082.0
image,svg,100386.0
image,svg,47732.0
image,svg,274817.0
image,svg,161314.0
image,svg,81963.0
image,svg,35822.0
image,svg,68903.0
image,svg,35822.0
image,svg,42324.0
image,svg,37888.0
image,svg,265863.0
image,svg,29953.0
image,svg,35393.0
image,svg,127612.0
image,svg,982349.0
image,svg,42607.0
image,svg,28764.0
image,svg,232745.0
image,svg,43082.0
image,svg,61184.0
image,svg,425790.0
image,svg,49276.0
image,svg,185255.0
image,svg,348772.0
image,svg,38806.0
image,svg,29705.0
image,svg,31731.0
image,svg,35822.0
image,svg,43922.0
image,svg,98577.0
image,svg,30353.0
image,svg,45165.0
image,svg,104482.0
image,svg,47250.0
image,svg,71011.0
image,svg,43194.0
image,svg,32818.0
image,svg,95165.0
image,svg,34598.0
image,svg,49539.0
image,svg,34567.0
image,svg,30973.0
image,svg,73484.0
image,svg,46713.0
image,svg,28882.0
image,svg,62964.0
image,svg,41329.0
image,svg,83851.0
image,svg,35850.0
image,svg,110620.0
image,svg,46015.0
image,svg,183749.0
image,svg,68307.0
image,svg,38234.0
image,svg,90857.0
image,svg,30322.0
image,svg,52384.0
image,svg,414550.0
image,svg,105126.0
image,svg,33149.0
image,svg,46225.0
image,svg,43765.0
image,svg,54784.0
image,svg,30252.0
image,svg,31585.0
image,svg,82962.0
image,svg,65733.0
image,svg,53310.0
image,svg,71011.0
image,svg,39596.0
image,svg,188721.0
image,svg,368203.0
image,svg,35529.0
image,svg,724137.0
image,svg,264166.0
image,svg,66357.0
image,svg,100257.0
image,svg,30509.0
image,svg,385827.0
image,svg,35822.0
image,svg,55463.0
image,svg,48113.0
image,svg,130401.0
image,svg,46001.0
image,svg,112316.0
image,svg,36864.0
image,svg,51561.0
image,svg,179232.0
image,svg,68311.0
image,svg,42599.0
image,svg,47984.0
image,svg,29802.0
image,svg,265290.0
image,svg,34653.0
image,svg,167496.0
image,svg,84812.0
image,svg,82652.0
image,svg,72645.0
image,svg,32230.0
image,svg,55298.0
image,svg,69621.0
image,svg,43741.0
image,svg,41116.0
image,svg,68311.0
image,svg,89014.0
image,svg,787245.0
image,svg,778562.0
image,svg,42607.0
image,svg,30099.0
image,svg,37481.0
image,svg,39235.0
image,svg,51110.0
image,svg,404338.0
image,svg,36834.0
image,svg,124225.0
image,svg,50120.0
image,svg,273530.0
image,svg,50545.0
image,svg,32368.0
image,svg,28962.0
image,svg,241416.0
image,svg,97317.0
image,svg,44736.0
image,svg,36231.0
image,svg,28753.0
image,svg,30229.0
image,svg,45073.0
image,svg,90752.0
image,svg,313989.0
image,svg,89277.0
image,svg,28802.0
image,svg,73370.0
image,svg,28526.0
image,svg,65279.0
image,svg,98045.0
image,svg,188751.0
image,svg,44920.0
image,svg,72215.0
image,svg,38881.0
image,svg,51158.0
image,svg,31589.0
image,svg,42836.0
image,svg,29045.0
image,svg,236032.0
image,svg,89257.0
image,svg,273530.0
image,svg,274817.0
image,svg,115602.0
image,svg,128961.0
image,svg,153104.0
image,svg,35822.0
image,svg,67429.0
image,svg,31080.0
image,svg,66720.0
image,svg,52226.0
